version;N;trial;reps;kernel_ms
scalar;1;1;200000;0,000083
vector;1;1;200000;0,000170
vector;1;2;200000;0,000157
scalar;1;2;200000;0,000148
scalar;1;3;200000;0,000149
vector;1;3;200000;0,000164
vector;1;4;200000;0,000173
scalar;1;4;200000;0,000149
scalar;1;5;200000;0,000154
vector;1;5;200000;0,000176
vector;1;6;200000;0,000158
scalar;1;6;200000;0,000141
scalar;1;7;200000;0,000141
vector;1;7;200000;0,000152
vector;1;8;200000;0,000146
scalar;1;8;200000;0,000119
scalar;1;9;200000;0,000131
vector;1;9;200000;0,000119
vector;1;10;200000;0,000131
scalar;1;10;200000;0,000113
scalar;2;1;200000;0,000135
vector;2;1;200000;0,000159
vector;2;2;200000;0,000165
scalar;2;2;200000;0,000142
scalar;2;3;200000;0,000149
vector;2;3;200000;0,000166
vector;2;4;200000;0,000160
scalar;2;4;200000;0,000150
scalar;2;5;200000;0,000152
vector;2;5;200000;0,000161
vector;2;6;200000;0,000146
scalar;2;6;200000;0,000141
scalar;2;7;200000;0,000145
vector;2;7;200000;0,000145
vector;2;8;200000;0,000156
scalar;2;8;200000;0,000144
scalar;2;9;200000;0,000144
vector;2;9;200000;0,000156
vector;2;10;200000;0,000155
scalar;2;10;200000;0,000152
scalar;4;1;200000;0,000172
vector;4;1;200000;0,000177
vector;4;2;200000;0,000183
scalar;4;2;200000;0,000175
scalar;4;3;200000;0,000178
vector;4;3;200000;0,000189
vector;4;4;200000;0,000177
scalar;4;4;200000;0,000176
scalar;4;5;200000;0,000181
vector;4;5;200000;0,000179
vector;4;6;200000;0,000188
scalar;4;6;200000;0,000181
scalar;4;7;200000;0,000177
vector;4;7;200000;0,000206
vector;4;8;200000;0,000173
scalar;4;8;200000;0,000156
scalar;4;9;200000;0,000159
vector;4;9;200000;0,000151
vector;4;10;200000;0,000157
scalar;4;10;200000;0,000150
scalar;7;1;200000;0,000178
vector;7;1;200000;0,000184
vector;7;2;200000;0,000198
scalar;7;2;200000;0,000188
scalar;7;3;200000;0,000194
vector;7;3;200000;0,000213
vector;7;4;200000;0,000205
scalar;7;4;200000;0,000188
scalar;7;5;200000;0,000202
vector;7;5;200000;0,000208
vector;7;6;200000;0,000215
scalar;7;6;200000;0,000193
scalar;7;7;200000;0,000191
vector;7;7;200000;0,000181
vector;7;8;200000;0,000202
scalar;7;8;200000;0,000183
scalar;7;9;200000;0,000185
vector;7;9;200000;0,000188
vector;7;10;200000;0,000189
scalar;7;10;200000;0,000186
scalar;8;1;200000;0,000196
vector;8;1;200000;0,000161
vector;8;2;200000;0,000164
scalar;8;2;200000;0,000200
scalar;8;3;200000;0,000198
vector;8;3;200000;0,000155
vector;8;4;200000;0,000173
scalar;8;4;200000;0,000211
scalar;8;5;200000;0,000200
vector;8;5;200000;0,000169
vector;8;6;200000;0,000162
scalar;8;6;200000;0,000208
scalar;8;7;200000;0,000207
vector;8;7;200000;0,000164
vector;8;8;200000;0,000167
scalar;8;8;200000;0,000202
scalar;8;9;200000;0,000194
vector;8;9;200000;0,000162
vector;8;10;200000;0,000159
scalar;8;10;200000;0,000193
scalar;15;1;200000;0,000203
vector;15;1;200000;0,000096
vector;15;2;200000;0,000098
scalar;15;2;200000;0,000111
scalar;15;3;200000;0,000115
vector;15;3;200000;0,000142
vector;15;4;200000;0,000194
scalar;15;4;200000;0,000215
scalar;15;5;200000;0,000204
vector;15;5;200000;0,000193
vector;15;6;200000;0,000184
scalar;15;6;200000;0,000209
scalar;15;7;200000;0,000205
vector;15;7;200000;0,000231
vector;15;8;200000;0,000289
scalar;15;8;200000;0,000312
scalar;15;9;200000;0,000304
vector;15;9;200000;0,000283
vector;15;10;200000;0,000306
scalar;15;10;200000;0,000290
scalar;16;1;200000;0,000300
vector;16;1;200000;0,000188
vector;16;2;200000;0,000173
scalar;16;2;200000;0,000205
scalar;16;3;200000;0,000233
vector;16;3;200000;0,000169
vector;16;4;200000;0,000174
scalar;16;4;200000;0,000291
scalar;16;5;200000;0,000292
vector;16;5;200000;0,000183
vector;16;6;200000;0,000179
scalar;16;6;200000;0,000296
scalar;16;7;200000;0,000291
vector;16;7;200000;0,000188
vector;16;8;200000;0,000194
scalar;16;8;200000;0,000285
scalar;16;9;200000;0,000305
vector;16;9;200000;0,000177
vector;16;10;200000;0,000190
scalar;16;10;200000;0,000287
scalar;31;1;200000;0,000452
vector;31;1;200000;0,000277
vector;31;2;200000;0,000267
scalar;31;2;200000;0,000461
scalar;31;3;200000;0,000476
vector;31;3;200000;0,000287
vector;31;4;200000;0,000270
scalar;31;4;200000;0,000516
scalar;31;5;200000;0,000358
vector;31;5;200000;0,000115
vector;31;6;200000;0,000171
scalar;31;6;200000;0,000433
scalar;31;7;200000;0,000531
vector;31;7;200000;0,000238
vector;31;8;200000;0,000140
scalar;31;8;200000;0,000233
scalar;31;9;200000;0,000248
vector;31;9;200000;0,000167
vector;31;10;200000;0,000167
scalar;31;10;200000;0,000276
scalar;32;1;200000;0,000488
vector;32;1;200000;0,000207
vector;32;2;200000;0,000210
scalar;32;2;200000;0,000487
scalar;32;3;200000;0,000485
vector;32;3;200000;0,000155
vector;32;4;200000;0,000148
scalar;32;4;200000;0,000340
scalar;32;5;200000;0,000482
vector;32;5;200000;0,000237
vector;32;6;200000;0,000227
scalar;32;6;200000;0,000526
scalar;32;7;200000;0,000547
vector;32;7;200000;0,000278
vector;32;8;200000;0,000217
scalar;32;8;200000;0,000493
scalar;32;9;200000;0,000403
vector;32;9;200000;0,000090
vector;32;10;200000;0,000102
scalar;32;10;200000;0,000375
scalar;63;1;200000;0,000748
vector;63;1;200000;0,000120
vector;63;2;200000;0,000116
scalar;63;2;200000;0,000297
scalar;63;3;200000;0,000326
vector;63;3;200000;0,000312
vector;63;4;200000;0,000401
scalar;63;4;200000;0,000845
scalar;63;5;200000;0,000401
vector;63;5;200000;0,000160
vector;63;6;200000;0,000162
scalar;63;6;200000;0,000658
scalar;63;7;200000;0,000731
vector;63;7;200000;0,000275
vector;63;8;200000;0,000264
scalar;63;8;200000;0,000896
scalar;63;9;200000;0,000859
vector;63;9;200000;0,000246
vector;63;10;200000;0,000253
scalar;63;10;200000;0,000813
scalar;64;1;200000;0,000695
vector;64;1;200000;0,000126
vector;64;2;200000;0,000143
scalar;64;2;200000;0,000776
scalar;64;3;200000;0,000750
vector;64;3;200000;0,000241
vector;64;4;200000;0,000280
scalar;64;4;200000;0,000664
scalar;64;5;200000;0,000360
vector;64;5;200000;0,000150
vector;64;6;200000;0,000357
scalar;64;6;200000;0,000796
scalar;64;7;200000;0,000361
vector;64;7;200000;0,000115
vector;64;8;200000;0,000268
scalar;64;8;200000;0,001159
scalar;64;9;200000;0,000598
vector;64;9;200000;0,000178
vector;64;10;200000;0,000266
scalar;64;10;200000;0,000748
scalar;100;1;200000;0,001259
vector;100;1;200000;0,000192
vector;100;2;200000;0,000212
scalar;100;2;200000;0,001334
scalar;100;3;200000;0,000551
vector;100;3;200000;0,000127
vector;100;4;200000;0,000130
scalar;100;4;200000;0,000812
scalar;100;5;200000;0,000929
vector;100;5;200000;0,000420
vector;100;6;200000;0,000458
scalar;100;6;200000;0,000861
scalar;100;7;200000;0,000475
vector;100;7;200000;0,000129
vector;100;8;200000;0,000183
scalar;100;8;200000;0,001349
scalar;100;9;200000;0,000625
vector;100;9;200000;0,000203
vector;100;10;200000;0,000354
scalar;100;10;200000;0,001197
scalar;127;1;200000;0,001440
vector;127;1;200000;0,000164
vector;127;2;200000;0,000262
scalar;127;2;200000;0,001008
scalar;127;3;200000;0,000876
vector;127;3;200000;0,000269
vector;127;4;200000;0,000278
scalar;127;4;200000;0,000958
scalar;127;5;200000;0,000616
vector;127;5;200000;0,000171
vector;127;6;200000;0,000401
scalar;127;6;200000;0,001074
scalar;127;7;200000;0,000596
vector;127;7;200000;0,000151
vector;127;8;200000;0,000167
scalar;127;8;200000;0,001733
scalar;127;9;200000;0,001537
vector;127;9;200000;0,000161
vector;127;10;200000;0,000164
scalar;127;10;200000;0,001258
scalar;128;1;200000;0,001215
vector;128;1;200000;0,000176
vector;128;2;200000;0,000145
scalar;128;2;200000;0,001754
scalar;128;3;200000;0,000788
vector;128;3;200000;0,000160
vector;128;4;200000;0,000158
scalar;128;4;200000;0,001057
scalar;128;5;200000;0,000819
vector;128;5;200000;0,000132
vector;128;6;200000;0,000239
scalar;128;6;200000;0,001185
scalar;128;7;200000;0,000737
vector;128;7;200000;0,000169
vector;128;8;200000;0,000164
scalar;128;8;200000;0,001373
scalar;128;9;200000;0,000722
vector;128;9;200000;0,000124
vector;128;10;200000;0,000191
scalar;128;10;200000;0,001382
scalar;255;1;196078;0,001930
vector;255;1;196078;0,000324
vector;255;2;196078;0,000529
scalar;255;2;196078;0,001729
scalar;255;3;196078;0,001447
vector;255;3;196078;0,000236
vector;255;4;196078;0,000238
scalar;255;4;196078;0,001173
scalar;255;5;196078;0,001186
vector;255;5;196078;0,000303
vector;255;6;196078;0,000766
scalar;255;6;196078;0,002717
scalar;255;7;196078;0,001713
vector;255;7;196078;0,000268
vector;255;8;196078;0,000725
scalar;255;8;196078;0,001612
scalar;255;9;196078;0,001210
vector;255;9;196078;0,000331
vector;255;10;196078;0,000785
scalar;255;10;196078;0,001958
scalar;256;1;195312;0,002403
vector;256;1;195312;0,000220
vector;256;2;195312;0,000244
scalar;256;2;195312;0,001946
scalar;256;3;195312;0,001783
vector;256;3;195312;0,000243
vector;256;4;195312;0,000675
scalar;256;4;195312;0,001687
scalar;256;5;195312;0,001560
vector;256;5;195312;0,000201
vector;256;6;195312;0,000235
scalar;256;6;195312;0,002089
scalar;256;7;195312;0,001190
vector;256;7;195312;0,000203
vector;256;8;195312;0,000239
scalar;256;8;195312;0,002227
scalar;256;9;195312;0,001580
vector;256;9;195312;0,000207
vector;256;10;195312;0,000230
scalar;256;10;195312;0,001225
scalar;500;1;100000;0,006069
vector;500;1;100000;0,000464
vector;500;2;100000;0,001195
scalar;500;2;100000;0,004098
scalar;500;3;100000;0,003470
vector;500;3;100000;0,000407
vector;500;4;100000;0,000431
scalar;500;4;100000;0,004464
scalar;500;5;100000;0,003162
vector;500;5;100000;0,000398
vector;500;6;100000;0,000388
scalar;500;6;100000;0,002284
scalar;500;7;100000;0,003452
vector;500;7;100000;0,000429
vector;500;8;100000;0,000723
scalar;500;8;100000;0,004111
scalar;500;9;100000;0,003108
vector;500;9;100000;0,000433
vector;500;10;100000;0,001186
scalar;500;10;100000;0,003927
scalar;512;1;97656;0,003585
vector;512;1;97656;0,000445
vector;512;2;97656;0,000937
scalar;512;2;97656;0,003080
scalar;512;3;97656;0,002364
vector;512;3;97656;0,000387
vector;512;4;97656;0,000393
scalar;512;4;97656;0,003685
scalar;512;5;97656;0,003156
vector;512;5;97656;0,000390
vector;512;6;97656;0,000423
scalar;512;6;97656;0,004209
scalar;512;7;97656;0,003556
vector;512;7;97656;0,000405
vector;512;8;97656;0,000396
scalar;512;8;97656;0,004099
scalar;512;9;97656;0,003115
vector;512;9;97656;0,000398
vector;512;10;97656;0,000985
scalar;512;10;97656;0,003968
scalar;1000;1;50000;0,006553
vector;1000;1;50000;0,000842
vector;1000;2;50000;0,001863
scalar;1000;2;50000;0,008116
scalar;1000;3;50000;0,007007
vector;1000;3;50000;0,000872
vector;1000;4;50000;0,002092
scalar;1000;4;50000;0,007617
scalar;1000;5;50000;0,006575
vector;1000;5;50000;0,000860
vector;1000;6;50000;0,002146
scalar;1000;6;50000;0,007783
scalar;1000;7;50000;0,004767
vector;1000;7;50000;0,000841
vector;1000;8;50000;0,002169
scalar;1000;8;50000;0,007815
scalar;1000;9;50000;0,007334
vector;1000;9;50000;0,000781
vector;1000;10;50000;0,000956
scalar;1000;10;50000;0,007617
scalar;1001;1;49950;0,008159
vector;1001;1;49950;0,000864
vector;1001;2;49950;0,002146
scalar;1001;2;49950;0,008280
scalar;1001;3;49950;0,007534
vector;1001;3;49950;0,000886
vector;1001;4;49950;0,001282
scalar;1001;4;49950;0,007977
scalar;1001;5;49950;0,004591
vector;1001;5;49950;0,000763
vector;1001;6;49950;0,000778
scalar;1001;6;49950;0,004652
scalar;1001;7;49950;0,004661
vector;1001;7;49950;0,000868
vector;1001;8;49950;0,001819
scalar;1001;8;49950;0,009314
scalar;1001;9;49950;0,006893
vector;1001;9;49950;0,000819
vector;1001;10;49950;0,000848
scalar;1001;10;49950;0,008494
scalar;1024;1;48828;0,007115
vector;1024;1;48828;0,000839
vector;1024;2;48828;0,001646
scalar;1024;2;48828;0,008244
scalar;1024;3;48828;0,004815
vector;1024;3;48828;0,000794
vector;1024;4;48828;0,000806
scalar;1024;4;48828;0,006339
scalar;1024;5;48828;0,006625
vector;1024;5;48828;0,000822
vector;1024;6;48828;0,001089
scalar;1024;6;48828;0,004759
scalar;1024;7;48828;0,007140
vector;1024;7;48828;0,000806
vector;1024;8;48828;0,000793
scalar;1024;8;48828;0,005866
scalar;1024;9;48828;0,004686
vector;1024;9;48828;0,000857
vector;1024;10;48828;0,001818
scalar;1024;10;48828;0,006816
scalar;2048;1;24414;0,015575
vector;2048;1;24414;0,001711
vector;2048;2;24414;0,003273
scalar;2048;2;24414;0,016484
scalar;2048;3;24414;0,015882
vector;2048;3;24414;0,001729
vector;2048;4;24414;0,003279
scalar;2048;4;24414;0,016811
scalar;2048;5;24414;0,009558
vector;2048;5;24414;0,001584
vector;2048;6;24414;0,001749
scalar;2048;6;24414;0,016267
scalar;2048;7;24414;0,009653
vector;2048;7;24414;0,001610
vector;2048;8;24414;0,001639
scalar;2048;8;24414;0,009793
scalar;2048;9;24414;0,009811
vector;2048;9;24414;0,001703
vector;2048;10;24414;0,001842
scalar;2048;10;24414;0,016461
scalar;4096;1;12207;0,029527
vector;4096;1;12207;0,003343
vector;4096;2;12207;0,003826
scalar;4096;2;12207;0,029887
scalar;4096;3;12207;0,032201
vector;4096;3;12207;0,003674
vector;4096;4;12207;0,008621
scalar;4096;4;12207;0,027948
scalar;4096;5;12207;0,040665
vector;4096;5;12207;0,003886
vector;4096;6;12207;0,005227
scalar;4096;6;12207;0,030668
scalar;4096;7;12207;0,026839
vector;4096;7;12207;0,003772
vector;4096;8;12207;0,009051
scalar;4096;8;12207;0,032477
scalar;4096;9;12207;0,026755
vector;4096;9;12207;0,003633
vector;4096;10;12207;0,007904
scalar;4096;10;12207;0,025518
scalar;8192;1;6103;0,060067
vector;8192;1;6103;0,006641
vector;8192;2;6103;0,006888
scalar;8192;2;6103;0,038625
scalar;8192;3;6103;0,037897
vector;8192;3;6103;0,006611
vector;8192;4;6103;0,006656
scalar;8192;4;6103;0,057132
scalar;8192;5;6103;0,059185
vector;8192;5;6103;0,006935
vector;8192;6;6103;0,008078
scalar;8192;6;6103;0,055536
scalar;8192;7;6103;0,049785
vector;8192;7;6103;0,006720
vector;8192;8;6103;0,006655
scalar;8192;8;6103;0,038459
scalar;8192;9;6103;0,058158
vector;8192;9;6103;0,007002
vector;8192;10;6103;0,007346
scalar;8192;10;6103;0,039029
scalar;10000;1;5000;0,045599
vector;10000;1;5000;0,007898
vector;10000;2;5000;0,008215
scalar;10000;2;5000;0,046547
scalar;10000;3;5000;0,047091
vector;10000;3;5000;0,008652
vector;10000;4;5000;0,008479
scalar;10000;4;5000;0,071656
scalar;10000;5;5000;0,048275
vector;10000;5;5000;0,008090
vector;10000;6;5000;0,008092
scalar;10000;6;5000;0,046077
scalar;10000;7;5000;0,046706
vector;10000;7;5000;0,009406
vector;10000;8;5000;0,020715
scalar;10000;8;5000;0,068763
scalar;10000;9;5000;0,066660
vector;10000;9;5000;0,008196
vector;10000;10;5000;0,008169
scalar;10000;10;5000;0,060590
scalar;16384;1;3051;0,096964
vector;16384;1;3051;0,015830
vector;16384;2;3051;0,025181
scalar;16384;2;3051;0,126625
scalar;16384;3;3051;0,108271
vector;16384;3;3051;0,013312
vector;16384;4;3051;0,013933
scalar;16384;4;3051;0,124902
scalar;16384;5;3051;0,106026
vector;16384;5;3051;0,013858
vector;16384;6;3051;0,013932
scalar;16384;6;3051;0,119992
scalar;16384;7;3051;0,117866
vector;16384;7;3051;0,014724
vector;16384;8;3051;0,031566
scalar;16384;8;3051;0,134457
scalar;16384;9;3051;0,079592
vector;16384;9;3051;0,015015
vector;16384;10;3051;0,032210
scalar;16384;10;3051;0,129013
scalar;32768;1;1525;0,264962
vector;32768;1;1525;0,030702
vector;32768;2;1525;0,074609
scalar;32768;2;1525;0,213541
scalar;32768;3;1525;0,210216
vector;32768;3;1525;0,027502
vector;32768;4;1525;0,026882
scalar;32768;4;1525;0,155438
scalar;32768;5;1525;0,160720
vector;32768;5;1525;0,026938
vector;32768;6;1525;0,029724
scalar;32768;6;1525;0,283267
scalar;32768;7;1525;0,228948
vector;32768;7;1525;0,031148
vector;32768;8;1525;0,058496
scalar;32768;8;1525;0,281327
scalar;32768;9;1525;0,203828
vector;32768;9;1525;0,029392
vector;32768;10;1525;0,048774
scalar;32768;10;1525;0,195971
scalar;65536;1;762;0,328713
vector;65536;1;762;0,060664
vector;65536;2;762;0,171878
scalar;65536;2;762;0,483188
scalar;65536;3;762;0,427678
vector;65536;3;762;0,064630
vector;65536;4;762;0,137225
scalar;65536;4;762;0,437623
scalar;65536;5;762;0,316020
vector;65536;5;762;0,054349
vector;65536;6;762;0,061888
scalar;65536;6;762;0,355248
scalar;65536;7;762;0,435183
vector;65536;7;762;0,058012
vector;65536;8;762;0,140775
scalar;65536;8;762;0,428508
scalar;65536;9;762;0,332541
vector;65536;9;762;0,055838
vector;65536;10;762;0,057975
scalar;65536;10;762;0,305629
scalar;100000;1;500;0,474183
vector;100000;1;500;0,098277
vector;100000;2;500;0,173117
scalar;100000;2;500;0,901973
scalar;100000;3;500;0,663549
vector;100000;3;500;0,098664
vector;100000;4;500;0,240507
scalar;100000;4;500;0,679273
scalar;100000;5;500;0,501069
vector;100000;5;500;0,093481
vector;100000;6;500;0,257715
scalar;100000;6;500;0,758911
scalar;100000;7;500;0,704649
vector;100000;7;500;0,087606
vector;100000;8;500;0,090977
scalar;100000;8;500;0,636605
scalar;100000;9;500;0,765641
vector;100000;9;500;0,102236
vector;100000;10;500;0,220096
scalar;100000;10;500;0,724973
scalar;131072;1;381;1,052320
vector;131072;1;381;0,128504
vector;131072;2;381;0,221976
scalar;131072;2;381;1,054312
scalar;131072;3;381;0,860718
vector;131072;3;381;0,120806
vector;131072;4;381;0,337695
scalar;131072;4;381;0,910991
scalar;131072;5;381;0,901354
vector;131072;5;381;0,130056
vector;131072;6;381;0,360987
scalar;131072;6;381;0,906885
scalar;131072;7;381;0,615453
vector;131072;7;381;0,112912
vector;131072;8;381;0,128682
scalar;131072;8;381;1,140290
scalar;131072;9;381;0,658502
vector;131072;9;381;0,124585
vector;131072;10;381;0,297212
scalar;131072;10;381;1,071138
scalar;262144;1;190;2,141097
vector;262144;1;190;0,233110
vector;262144;2;190;0,616477
scalar;262144;2;190;1,790477
scalar;262144;3;190;1,770160
vector;262144;3;190;0,242202
vector;262144;4;190;0,700846
scalar;262144;4;190;2,252582
scalar;262144;5;190;1,553392
vector;262144;5;190;0,236100
vector;262144;6;190;0,444967
scalar;262144;6;190;1,686873
scalar;262144;7;190;1,296298
vector;262144;7;190;0,250971
vector;262144;8;190;0,352579
scalar;262144;8;190;2,244550
scalar;262144;9;190;1,621554
vector;262144;9;190;0,233467
vector;262144;10;190;0,637508
scalar;262144;10;190;1,696217
scalar;524288;1;95;3,739379
vector;524288;1;95;0,494544
vector;524288;2;95;0,628690
scalar;524288;2;95;2,549604
scalar;524288;3;95;3,787661
vector;524288;3;95;0,653142
vector;524288;4;95;2,071718
scalar;524288;4;95;3,953019
scalar;524288;5;95;2,538801
vector;524288;5;95;0,534355
vector;524288;6;95;0,583726
scalar;524288;6;95;3,529668
scalar;524288;7;95;4,198008
vector;524288;7;95;0,902277
vector;524288;8;95;1,188698
scalar;524288;8;95;4,032743
scalar;524288;9;95;3,800614
vector;524288;9;95;0,635305
vector;524288;10;95;1,100203
scalar;524288;10;95;3,516542
scalar;1000000;1;50;7,279107
vector;1000000;1;50;1,590248
vector;1000000;2;50;3,941464
scalar;1000000;2;50;9,504456
scalar;1000000;3;50;5,295321
vector;1000000;3;50;1,712043
vector;1000000;4;50;3,307925
scalar;1000000;4;50;7,311854
scalar;1000000;5;50;7,723473
vector;1000000;5;50;2,310393
vector;1000000;6;50;2,689424
scalar;1000000;6;50;7,020757
scalar;1000000;7;50;6,787528
vector;1000000;7;50;1,318331
vector;1000000;8;50;1,636257
scalar;1000000;8;50;8,971347
scalar;1000000;9;50;6,495298
vector;1000000;9;50;1,568303
vector;1000000;10;50;2,405518
scalar;1000000;10;50;8,009951
scalar;2097152;1;23;13,061999
vector;2097152;1;23;4,122528
vector;2097152;2;23;6,841097
scalar;2097152;2;23;16,112754
scalar;2097152;3;23;18,269378
vector;2097152;3;23;4,486298
vector;2097152;4;23;4,927921
scalar;2097152;4;23;16,177878
scalar;2097152;5;23;10,436021
vector;2097152;5;23;4,954818
vector;2097152;6;23;6,425615
scalar;2097152;6;23;11,854148
scalar;2097152;7;23;11,262371
vector;2097152;7;23;3,433602
vector;2097152;8;23;3,728039
scalar;2097152;8;23;15,651038
scalar;2097152;9;23;14,870097
vector;2097152;9;23;5,138913
vector;2097152;10;23;5,490353
scalar;2097152;10;23;16,021831
scalar;4194304;1;11;29,755084
vector;4194304;1;11;9,420024
vector;4194304;2;11;10,375184
scalar;4194304;2;11;21,157560
scalar;4194304;3;11;21,207924
vector;4194304;3;11;7,711330
vector;4194304;4;11;7,194983
scalar;4194304;4;11;35,972172
scalar;4194304;5;11;28,566495
vector;4194304;5;11;10,747106
vector;4194304;6;11;13,207296
scalar;4194304;6;11;22,099787
scalar;4194304;7;11;29,698704
vector;4194304;7;11;9,756605
vector;4194304;8;11;9,922206
scalar;4194304;8;11;30,321668
scalar;4194304;9;11;21,030526
vector;4194304;9;11;11,938833
vector;4194304;10;11;10,068956
scalar;4194304;10;11;22,124263
scalar;8388608;1;5;45,704498
vector;8388608;1;5;27,351694
vector;8388608;2;5;26,753742
scalar;8388608;2;5;46,831511
scalar;8388608;3;5;57,901356
vector;8388608;3;5;13,836114
vector;8388608;4;5;19,359167
scalar;8388608;4;5;46,628028
scalar;8388608;5;5;43,908900
vector;8388608;5;5;18,793809
vector;8388608;6;5;20,997248
scalar;8388608;6;5;44,538762
scalar;8388608;7;5;61,848735
vector;8388608;7;5;19,655609
vector;8388608;8;5;36,255627
scalar;8388608;8;5;53,814024
scalar;8388608;9;5;41,589146
vector;8388608;9;5;14,964514
vector;8388608;10;5;15,078069
scalar;8388608;10;5;42,268326
scalar;10000000;1;5;67,121958
vector;10000000;1;5;23,193504
vector;10000000;2;5;38,880518
scalar;10000000;2;5;59,722231
scalar;10000000;3;5;69,858673
vector;10000000;3;5;17,508065
vector;10000000;4;5;36,922411
scalar;10000000;4;5;56,003276
scalar;10000000;5;5;66,826515
vector;10000000;5;5;27,131796
vector;10000000;6;5;29,948530
scalar;10000000;6;5;74,434024
scalar;10000000;7;5;60,376630
vector;10000000;7;5;20,901090
vector;10000000;8;5;37,506186
scalar;10000000;8;5;50,319814
scalar;10000000;9;5;76,519595
vector;10000000;9;5;24,990068
vector;10000000;10;5;37,087824
scalar;10000000;10;5;65,702978
